Question,Option 1,Option 2,Option 3,Option 4,Difficulty
171 Match List I with List II with respect to human eye.,"(1) A-IV, B-III, C-II, D-I","(2) A-I, B-IV, C-III, D-II","(3) A-II, B-I, C-III, D-IV","(4) A-III, B-I, C-IV, D-II",4
172 Which of the following functions is carried out by cytoskeleton in a cell?,(1) Protein synthesis,(2) Motility,(3) Transportation,(4) Nuclear division,6
"173 Once the undigested and unabsorbed substances enter the caecum, their backflow is prevented by-",(1) Ileo-caecal valve,(2) Gastro-oesophageal sphincter,(3) Pyloric sphincter,(4) Sphincter of Oddi,1
174 Match List I with List II.,"(1) A-III, B-IV, C-II, D-I","(2) A-II, B-III, C-I, D-IV","(3) A-IV, B-II, C-I, D-III","(4) A-III, B-I, C-IV, D-II",3
175 Match List I with List II. (Type of Joint) (Found between),"(1) A-II, B-IV, C-I, D-III","(2) A-I, B-IV, C-III, D-II","(3) A-II, B-IV, C-III, D-I","(4) A-III, B-I, C-II, D-IV",9
176 Given below are two statements: Statement I: RNA mutates at a faster rate. Statement II: Viruses having RNA genome and shorter life span mutate and evolve faster.,(1) Both Statement I and Statement II are false.,(2) Statement I is true but Statement II is false.,(3) Statement I false but Statement II is true.,(4) Both Statement I and Statement II are true.,3
"177 Given below are two statements: Statement I: In prokaryotes, the positively charged DNA is held with some negatively charged proteins in a region called nucleoid. Statement II: In eukaryotes, the negatively charged DNA is wrapped around the positively charged histone octamer to form nucleosome.",(1) Both Statement I and Statement II are false.,(2) Statement I is correct but Statement II is false.,(3) Statement I incorrect but Statement II is true.,(4) Both Statement I and Statement II are true.,3
178 Which one of the following symbols represents mating between relatives in human pedigree analysis?,(1) 0,(2) E1.0,(3) ■ • (square and circle connected by a line),(4) 0 (different symbol),2
179 Select the correct group/set of Australian Marsupials exhibiting adaptive radiation.,"(1) Numbat, Spotted cuscus, Flying phalanger","(2) Mole, Flying squirrel, Tasmanian tiger cat","(3) Lemur, Anteater, Wolf","(4) Tasmanian wolf, Bobcat, Marsupial mole",10
180 Which of the following is not a cloning vector?,(1) YAC,(2) pBR322,(3) Probe,(4) BAC,5
181 Match List I with List II.,"(1) A-I, B-II, C-III, D-IV","(2) A-IV, B-III, C-II, D-I","(3) A-III, B-IV, C-I, D-II","(4) A-II, B-I, C-IV, D-III",5
182 Which one of the following techniques does not serve the purpose of early diagnosis of a disease for its early treatment?,(1) Serum and Urine analysis,(2) Polymerase Chain Reaction (PCR) technique,(3) Enzyme Linked Immuno-Sorbent Assay (ELISA) technique,(4) Recombinant DNA Technology,2
"183 Given below are two statements: Assertion A: Endometrium is necessary for implantation of blastocyst. Reason R: In the absence of fertilization, the corpus luteum degenerates that causes disintegration of endometrium.",(1) Both A and R are true but R is NOT the correct explanation of A.,(2) A is true but R is false.,(3) A is false but R is true.,(4) Both A and R are true and R is the correct explanation of A.,7
184 Match List I with List II.,"(1) A-II, B-III, C-IV, D-I","(2) A-III, B-IV, C-I, D-II","(3) A-III, B-I, C-IV, D-II","(4) A-II, B-I, C-IV, D-III",7
"185 Given below are statements: Assertion A: Nephrons are of two types: Cortical & Juxtamedullary, based on their relative position in cortex and medulla. Reason R: Juxtamedullary nephrons have short loop of Henle whereas, cortical nephrons have longer loop of Henle.",(1) Both A and R are true but R is NOT the correct explanation of A.,(2) A is true but R is false.,(3) A is false but R is true.,(4) Both A and R are true and R is the correct explanation of A.,2
186 Which of the following is characteristic feature of cockroach regarding sexual dimorphism?,(1) Presence of anal styles,(2) Presence of sclerites,(3) Presence of anal cerci,(4) Dark brown body colour and anal cerci,1
187 Select the correct statements.,(1) B and D only,"(2) A, C and E only",(3) B and E only,(4) A and C only,3
188 Which of the following statements are correct?,"(1) B, C and D only","(2) A, B and E only","(3) C, D and E only",(4) A and B only,6
"189 Given below are two statements: Statement I: During G0 phase of cell cycle, the cell is metabolically inactive. Statement II: The centrosome undergoes duplication during S phase of interphase.",(1) Both Statement I and Statement II are incorrect.,(2) Statement I is correct but Statement II is incorrect.,(3) Statement I is incorrect but Statement II is correct.,(4) Both Statement I and Statement II are correct.,5
190 Which one of the following is NOT an advantage of inbreeding?,(1) It exposes harmful recessive genes that are eliminated by selection.,(2) Elimination of less desirable genes and accumulation of superior genes takes place due to it.,"(3) It decreases the productivity of inbred population, after continuous inbreeding.",(4) It decreases homozygosity.,3
191 Match List I with List II.,"(1) A-II, B-III, C-I, D-IV","(2) A-II, B-IV, C-I, D-III","(3) A-II, B-IV, C-III, D-I","(4) A-II, B-I, C-III, D-IV",1
192 Which of the following are NOT under the control of thyroid hormone?,(1) B and C only,(2) C and D only,(3) D and E only,(4) A and D only,7
193 The unique mammalian characteristics are:,"(1) hairs, pinna and mammary glands","(2) hairs, pinna and indirect development","(3) pinna, monocondylic skull and mammary glands","(4) hairs, tympanic membrane and mammary glands",8
194 Which of the following statements are correct regarding skeletal muscle?,(1) B and C only,"(2) A, C and D only",(3) C and D only,"(4) A, B and C only",7
195 Which of the following statements are correct?,(1) C and E only,(2) B and C only,(3) A and B only,(4) D and E only,9
"196 Which one of the following is the sequence on corresponding coding strand, if the sequence on mRNA formed is as follows 5' AUCGAUCGAUCGAUCGAUCG AUCG AUCG 3'?",(1) 3' UAGCUAGCUAGCUAGCUA GCUAGCUAGC 5',(2) 5' ATCGATCGATCGATCGATCG ATCGATCG 3',(3) 3' ATCGATCGATCGATCGATCG ATCGATCG 5',(4) 5' UAGCUAGCUAGCUAGCUA GCUAGC UAGC 3',1
"197 The parts of human brain that helps in regulation of sexual behaviour, expression of excitement, pleasure, rage, fear etc. are:",(1) Corpora quadrigemina & hippocampus,(2) Brain stem & epithalamus,(3) Corpus callosum and thalamus,(4) Limbic system & hypothalamus,7
198 Match List I with List II.,"(1) A-II, B-III, C-I, D-IV","(2) A-II, B-I, C-IV, D-III","(3) A-III, B-IV, C-II, D-I","(4) A-I, B-II, C-IV, D-III",10
"199 In cockroach, excretion is brought about by:","(1) A, B and E only","(2) B, C and D only",(3) B and D only,(4) A and E only,2
200 Select the correct statements with reference to chordates.,(1) B and C only,"(2) B, D and E only","(3) C, D and E only","(4) A, C and D only",9
131 Cellulose does not form blue colour with Iodine because,(1) It is a helical molecule.,(2) It does not contain complex helices and hence cannot hold iodine molecules.,(3) It breakes down when iodine reacts with it.,(4) It is a disaccharide.,10
"132 Among 'The Evil Quartet', which one is considered the most important cause driving extinction of species?",(1) Over exploitation for economic gain,(2) Alien species invasions,(3) Co-extinctions,(4) Habitat loss and fragmentation,7
133 What is the role of RNA polymerase III in the process of transcription in Eukaryotes?,"(1) Transcription of tRNA, 5 srRNA and snRNA",(2) Transcription of precursor of mRNA,(3) Transcription of only snRNAs,"(4) Transcription of rRNAs (28S, 18S and 5.8S)",5
134 Given below are two statements: Statement I: Endarch and exarch are the terms often used for describing the position of secondary xylem in the plant body. Statement II: Exarch condition is the most common feature of the root system.,(1) Both Statement I and Statement II are false.,(2) Statement I is correct but Statement II is false.,(3) Statement I is incorrect but Statement II is true.,(4) Both Statement I and Statement II are true.,2
135 The process of appearance of recombination nodules occurs at which sub stage of prophase I in meiosis?,(1) Pachytene,(2) Diplotene,(3) Diakinesis,(4) Zygotene,1
136 Given below are two statements: Assertion A: In gymnosperms the pollen grains are released from the microsporangium and carried by air currents. Reason R: Air currents carry the pollen grains to the mouth of the archegonia where the male gametes are discharged and pollen tube is not formed.,(1) Both A and R are true but R is NOT the correct explanation of A.,(2) A is true but R is false.,(3) A is false but R is true.,(4) Both A and R are true and R is the correct explanation of A.,2
137 Which one of the following statements is NOT correct?,(1) Algal blooms caused by excess of organic matter in water improve water quality and promote fisheries.,(2) Water hyacinth grows abundantly in eutrophic water bodies and leads to an imbalance in the ecosystem dynamics of the water body.,(3) The amount of some toxic substances of industrial waste water increases in the organisms at successive trophic levels.,(4) The micro-organisms involved in biodegradation of organic matter in a sewage polluted water body consume a lot of oxygen causing the death of aquatic organisms.,5
138 Which of the following combinations is required for chemiosmosis?,"(1) membrane, proton pump, proton gradient, NADP synthase","(2) proton pump, electron gradient, ATP synthase","(3) proton pump, electron gradient, NADP synthase","(4) membrane, proton pump, proton gradient, ATP synthase",5
139 Match List I with List II:,"(1) A-IV, B-II, C-I, D-III","(2) A-IV, B-I, C-II, D-III","(3) A-II, B-IV, C-I, D-III","(4) A-III, B-II, C-IV, D-I",6
140 Match List I with List II:,"(1) A-IV, B-I, C-II, D-III","(2) A-IV, B-III, C-I, D-II","(3) A-III, B-I, C-IV, D-II","(4) A-IV, B-II, C-I, D-III",10
"141 Given below are two statements: Statement I: Gause's 'Competitive Exclusion Principle' states that two closely related species competing for the same resources cannot co-exist indefinitely and competitively inferior one will be eliminated eventually. Statement II: In general, carnivores are more adversely affected by competition than herbivores.",(1) Both Statement I and Statement II are false.,(2) Statement I is correct but Statement II is false.,(3) Statement I is incorrect but Statement II is true.,(4) Both Statement I and Statement II are true.,7
142 Match List I with List II:,"(1) A-II, B-III, C-IV, D-I","(2) A-III, B-I, C-IV, D-II","(3) A-II, B-IV, C-I, D-III","(4) A-III, B-II, C-I, D-IV",6
143 Which of the following statements are correct about Klinefelter's Syndrome?,(1) C and D only,(2) B and E only,(3) A and E only,(4) A and B only,4
144 Identify the correct statements:,(1) A and D only,"(2) A, B and D only",(3) B and C only,"(4) B, C and E only",10
145 How many different proteins does the ribosome consist of?,(1) 60,(2) 40,(3) 20,(4) 80,3
146 Melonate inhibits the growth of pathogenic bacteria by inhibiting the activity of,(1) Amylase,(2) Lipase,(3) Dinitrogenase,(4) Succinic dehydrogenase,6
147 Match List I with List II:,"(1) A-IV, B-III, C-II, D-I","(2) A-III, B-I, C-IV, D-II","(3) A-II, B-I, C-IV, D-III","(4) A-II, B-IV, C-I, D-III",8
148 Match List I with List II,"(1) A-II, B-IV, C-I, D-III","(2) A-III, B-I, C-II, D-IV","(3) A-II, B-IV, C-III, D-I","(4) A-III, B-IV, C-II, D-I",5
149 Given below are two statements: Assertion A: A flower is defined as modified shoot wherein the shoot apical meristem changes to floral meristem. Reason R: Internode of the shoot gets condensed to produce different floral appendages laterally at successive nodes instead of leaves.,(1) Both A and R are true but R is NOT the correct explanation of A.,(2) A is true but R is false.,(3) A is false but R is true.,(4) Both A and R are true and R is the correct explanation of A.,8
150 Main steps in the formation of Recombinant DNA are given below. Arrange these steps in a correct sequence.,"(1) C, A, B, D","(2) C, B, D, A","(3) B, D, A, C","(4) B, C, D, A",1
151 Which of the following statements are correct regarding female reproductive cycle?,(1) A and B only,"(2) A, B and C only","(3) A, C and D only",(4) A and D only,8
152 Given below are two statements: Assertion A: Amniocentesis for sex determination is one of the strategies of Reproductive and Child Health Care Programme. Reason R: Ban on amniocentesis checks increasing menace of female foeticide.,(1) Both A and R are true and R is NOT the correct explanation of A.,(2) A is true but R is false.,(3) A is false but R is true.,(4) Both A and R are true and R is the correct explanation of A.,8
153 Match List I with List II.,"(1) A-I, B-II, C-IV, D-III","(2) A-III, B-IV, C-I, D-II","(3) A-II, B-III, C-I, D-IV","(4) A-I, B-II, C-III, D-IV",10
154 Vital capacity of lung is,(1) IRV + ERV + TV + RV,(2) IRV + ERV + TV - RV,(3) IRV + ERV + TV,(4) IRV + ERV,4
155 Which one of the following common sexually transmitted diseases is completely curable when detected early and treated properly?,(1) Gonorrhoea,(2) Hepatitis-B,(3) HIV Infection,(4) Genital herpes,2
156 Match List I with List II.,"(1) A-III, B-II, C-IV, D-I","(2) A-II, B-IV, C-I, D-III","(3) A-IV, B-II, C-III, D-I","(4) A-IV, B-III, C-II, D-I",6
157 Match List I with List II.,"(1) A-II, B-III, C-I, D-IV","(2) A-III, B-II, C-I, D-IV","(3) A-III, B-II, C-IV, D-I","(4) A-II, B-III, C-IV, D-I",1
158 Match List I with List II.,"(1) A-IV, B-III, C-II, D-I","(2) A-II, B-IV, C-I, D-III","(3) A-I, B-II, C-III, D-IV","(4) A-III, B-I, C-IV, D-II",9
"159 In which blood corpuscles, the HIV undergoes replication and produces progeny viruses?",(1) B-lymphocytes,(2) Basophils,(3) Eosinophils,(4) TH cells,5
"160 Given below are two statements: Statement I: Low temperature preserves the enzyme in a temporarily inactive state whereas high temperature destroys enzymatic activity because proteins are denatured by heat. Statement II: When the inhibitor closely resembles the substrate in its molecular structure and inhibits the activity of the enzyme, it is known as competitive inhibitor.",(1) Both Statement I and Statement II are false.,(2) Statement I is true but Statement II is false.,(3) Statement I is false but Statement II is true.,(4) Both Statement I and Statement II are true.,6
161 Given below are two statements: Statement I: Ligaments are dense irregular tissue. Statement II: Cartilage is dense regular tissue.,(1) Both Statement I and Statement II are false.,(2) Statement I is true but Statement II is false.,(3) Statement I is false but Statement II is true.,(4) Both Statement I and Statement II are true.,9
162 Which of the following are NOT considered as the part of endomembrane system?,"(1) A, C and E only",(2) A and D only,"(3) A, D and E only",(4) B and D only,4
"163 Given below are two statements: Statement I: A protein is imagined as a line, the left end represented by first amino acid (C-terminal) and the right end represented by last amino acid (N-terminal) Statement II: Adult human haemoglobin, consists of 4 subunits (two subunits of a type and two subunits of β type.)",(1) Both Statement I and Statement II are false.,(2) Statement I is true but Statement II is false.,(3) Statement I is false but Statement II is true.,(4) Both Statement I and Statement II are true.,6
95 Which complex compound is most stable?,(1) [Co(NH3)3(NO3)3],(2) [CoCl2(en)2]NO3,(3) [Co(NH3)6]3+,(4) [Co(NH3)4(H2O)Br](NO3)2,1
"96 On balancing the given redox reaction, the coefficients a, b and c are found to be, respectively -","(1) 3, 8, 1","(2) 1, 8, 3","(3) 8, 1, 3","(4) 1, 3, 8",5
97 Given below are two statements: Statement I: The nutrient deficient water bodies lead to eutrophication. Statement II: Eutrophication leads to decrease in the level of oxygen in the water bodies.,(1) Both Statement I and Statement II are false.,(2) Statement I is correct but Statement II is false.,(3) Statement I is incorrect but Statement II is true.,(4) Both Statement I and Statement II are true.,6
101 Which hormone promotes internode/petiole elongation in deep water rice?,(1) Kinetin,(2) Ethylene,"(3) 2, 4-D",(4) GA3,10
102 Movement and accumulation of ions across a membrane against their concentration gradient can be explained by,(1) Facilitated Diffusion,(2) Passive Transport,(3) Active Transport,(4) Osmosis,6
"103 Large, colourful, fragrant flowers with nectar are seen in:",(1) bird pollinated plants,(2) bat pollinated plants,(3) wind pollinated plants,(4) insect pollinated plants,5
"104 In tissue culture experiments, leaf mesophyll cells are put in a culture medium to form callus. This phenomenon may be called as -",(1) Dedifferentiation,(2) Development,(3) Senescence,(4) Differentiation,8
"105 The historic Convention on Biological Diversity, 'The Earth Summit' was held in Rio de Janeiro in the year:",(1) 1992,(2) 1986,(3) 2002,(4) 1985,8
"106 During the purification process for recombinant DNA technology, addition of chilled ethanol precipitates out",(1) DNA,(2) Histones,(3) Polysaccharides,(4) RNA,4
107 How many ATP and NADPH2 are required for the synthesis of one molecule of Glucose during Calvin cycle?,(1) 18 ATP and 12 NADPH2,(2) 12 ATP and 16 NADPH2,(3) 18 ATP and 16 NADPH2,(4) 12 ATP and 12 NADPH2,1
"108 In the equation GPP - R = NPP, R here is",(1) Respiratory quotient,(2) Respiratory loss,(3) Reproductive allocation,(4) Photosynthetically active radiation,9
"109 In gene gun method used to introduce alien DNA into host cells, microparticles of metal are used.",(1) Zinc,(2) Tungsten or gold,(3) Silver,(4) Copper,1
110 The phenomenon of pleiotropism refers to,"(1) presence of two alleles, each of the two genes controlling a single trait.",(2) a single gene affecting multiple phenotypic expression.,(3) more than two genes affecting a single character.,(4) presence of several alleles of a single gene controlling a single crossover.,3
111 Given below are two statements: Assertion A: Late wood has fewer xylary elements with narrow vessels. Reason R: Cambium is less active in winters.,(1) Both A and R are true but R is NOT the correct explanation of A.,(2) A is true but R is false.,(3) A is false but R is true.,(4) Both A and R are true and R is the correct explanation of A.,9
"112 Among eukaryotes, replication of DNA takes place in -",(1) S phase,(2) G1 phase,(3) G2 phase,(4) M phase,4
"113 Family Fabaceae differs from Solanaceae and Liliaceae. With respect to the stamens, pick out the characteristics specific to family Fabaceae but not found in Solanaceae or Liliaceae.",(1) Polyadelphous and epipetalous stamens,(2) Monoadelphous and Monothecous anthers,(3) Epiphyllous and Dithecous anthers,(4) Diadelphous and Dithecous anthers,7
114 Axile placentation is observed in,"(1) China rose, Beans and Lupin","(2) Tomato, Dianthus and Pea","(3) China rose, Petunia and Lemon","(4) Mustard, Cucumber and Primrose",4
115 Identify the pair of heterosporous pteridophytes among the following:,(1) Selaginella and Salvinia,(2) Psilotum and Salvinia,(3) Equisetum and Salvinia,(4) Lycopodium and Selaginella,8
116 The thickness of ozone in a column of air in the atmosphere is measured in terms of:,(1) Decibels,(2) Decameter,(3) Kilobase,(4) Dobson units,9
117 What is the function of tassels in the corn cob?,(1) To trap pollen grains,(2) To disperse pollen grains,(3) To protect seeds,(4) To attract insects,3
118 Given below are two statements: Assertion A: The first stage of gametophyte in the life cycle of moss is protonema stage. Reason R: Protonema develops directly from spores produced in capsule.,(1) Both A and R are correct but R is NOT the correct explanation of A.,(2) A is correct but R is not correct.,(3) A is not correct but R is correct.,(4) Both A and R are correct and R is the correct explanation of A.,4
"119 Given below are two statements: Statement I: The forces generated by transpiration can lift a xylem-sized column of water over 130 meters height. Statement II: Transpiration cools leaf surfaces sometimes 10 to 15 degrees, by evaporative cooling.",(1) Both Statement I and Statement II are incorrect.,(2) Statement I is correct but Statement II is incorrect.,(3) Statement I is incorrect but Statement II is correct.,(4) Both Statement I and Statement II are correct.,7
"120 Spraying of which of the following phytohormone on juvenile conifers helps in hastening the maturity period, that leads to early seed production?",(1) Gibberellic Acid,(2) Zeatin,(3) Abscisic Acid,(4) Indole-3-butyric Acid,10
"121 Frequency of recombination between gene pairs on same chromosome as a measure of the distance between genes to map their position on chromosome, was used for the first time by",(1) Sutton and Boveri,(2) Alfred Sturtevant,(3) Henking,(4) Thomas Hunt Morgan,9
122 Expressed Sequence Tags (ESTs) refers to,(1) All genes that are expressed as proteins.,(2) All genes whether expressed or unexpressed.,(3) Certain important expressed genes.,(4) All genes that are expressed as RNA.,10
"123 Upon exposure to UV radiation, DNA stained with ethidium bromide will show",(1) Bright blue colour,(2) Bright yellow colour,(3) Bright orange colour,(4) Bright red colour,5
124 Given below are two statements: Assertion A: ATP is used at two steps in glycolysis. Reason R: First ATP is used in converting glucose into glucose-6-phosphate and second ATP is used in conversion of fructose-6-phosphate into fructose-1-6-diphosphate.,(1) Both A and R are true but R is NOT the correct explanation of A.,(2) A is true but R is false.,(3) A is false but R is true.,(4) Both A and R are true and R is the correct explanation of A.,1
125 Unequivocal proof that DNA is the genetic material was first proposed by,(1) Alfred Hershey and Martha Chase,"(2) Avery, Macleod and McCarthy",(3) Wilkins and Franklin,(4) Frederick Griffith,5
126 Identify the correct statements:,"(1) B, C, D only","(2) C, D, E only","(3) D, E, A only","(4) A, B, C only",7
127 The reaction centre in PS II has an absorption maxima at,(1) 700 nm,(2) 660 nm,(3) 780 nm,(4) 680 nm,4
"128 In angiosperm, the haploid, diploid and triploid structures of a fertilized embryo sac sequentially are:","(1) Antipodals, synergids, and primary endosperm nucleus","(2) Synergids, Zygote and Primary endosperm nucleus","(3) Synergids, antipodals and Polar nuclei","(4) Synergids, Primary endosperm nucleus and zygote",2
129 Which micronutrient is required for splitting of water molecule during photosynthesis?,(1) molybdenum,(2) magnesium,(3) copper,(4) manganese,4
130 Which of the following stages of meiosis involves division of centromere?,(1) Metaphase II,(2) Anaphase II,(3) Telophase,(4) Metaphase I,10
"36 A bullet from a gun is fired on a rectangular wooden block with velocity u. When bullet travels 24 cm through the block along its length horizontally, velocity of bullet becomes u/3. Then it further penetrates into the block in the same direction before coming to rest exactly at the other end of the block. The total length of the block is:",(1) 24 cm,(2) 28 cm,(3) 30 cm,(4) 27 cm,9
37 The radius of inner most orbit of hydrogen atom is 5.3 x10^-11 m. What is the radius of third allowed orbit of hydrogen atom?,(1) 1.06 Å,(2) 1.59 Å,(3) 4.77 Å,(4) 0.53 Å,2
38 Calculate the maximum acceleration of a moving car so that a body lying on the floor of the car remains stationary. The coefficient of static friction between the body and the floor is 0.15 (g = 10 m s^-2).,(1) 150 m/s^2,(2) 1.5 m/s^2,(3) 50 m/s^2,(4) 1.2 m/s^2,2
"39 10 resistors, each of resistance R are connected in series to a battery of emf E and negligible internal resistance. Then those are connected in parallel to the same battery, the current is increased n times. The value of n is:",(1) 100,(2) 1,(3) 1000,(4) 10,9
40 A horizontal bridge is built across a river. A student standing on the bridge throws a small ball vertically upwards with a velocity 4 m/s. The ball strikes the water surface after 4 s. The height of bridge above water surface is (Take g= 10 m/s^2),(1) 60 m,(2) 64 m,(3) 68 m,(4) 56 m,1
41 The net impedance of circuit (as shown in figure) will be: (Description: Circuit shows a 10Ω resistor and 20Ω inductive reactance in series),(1) 15Ω,(2) 5√3 Ω,(3) 25Ω,(4) 10√5 Ω,9
"42 A satellite is orbiting just above the surface of the earth with period T. If d is the density of the earth and G is the universal constant of gravitation, the quantity 3π/Gd represents:",(1) T,(2) T^2,(3) T^3,(4) √T,9
46 The resistance of platinum wire at 0°C is 2Ω and 6.8Ω at 80°C. The temperature coefficient of resistance of the wire is:,(1) 3×10^-3 °C^-1,(2) 3×10^-2 °C^-1,(3) 3×10^-1 °C^-1,(4) 3×10^-4 °C^-1,8
"47 An electric dipole is placed as shown in the figure. The electric potential (in 10^2 V) at point P due to the dipole is: (Description: Dipole with charges +q and -q separated by 6 cm, point P is 5 cm from center of dipole)",(1) 7.2,(2) 3.6,(3) 1.8,(4) 0.9,8
1 The ratio of radius of gyration of a solid sphere of mass M and radius R about its own axis to the radius of gyration of the thin hollow sphere of same mass and radius about its axis is:,(1) 5:3,(2) 2:5,(3) 5:2,(4) 3:5,6
"2 The work functions of Caesium (Cs), Potassium (K) and Sodium (Na) are 2.14 eV, 2.30 eV and 2.75 eV respectively. If incident electromagnetic radiation has an incident energy of 2.20 eV, which of these photosensitive surfaces may emit photoelectrons?",(1) Both Na and K,(2) K only,(3) Na only,(4) Cs only,3
3 The amount of energy required to form a soap bubble of radius 2 cm from a soap solution is nearly: (surface tension of soap solution = 0.03 N m^-1),(1) 5.06×10^-4 J,(2) 3.01×10^-4 J,(3) 50.1×10^-4 J,(4) 30.16×10^-4 J,1
4 Resistance of a carbon resistor determined from colour codes is (22000 ± 5%) Ω. The colour of third band must be:,(1) Green,(2) Orange,(3) Yellow,(4) Red,10
"5 In a series LCR circuit, the inductance L is 10 mH, capacitance C is 1μF and resistance R is 100 Ω. The frequency at which resonance occurs is:",(1) 15.9 kHz,(2) 1.59 rad/s,(3) 1.59 kHz,(4) 15.9 rad/s,4
"6 In a plane electromagnetic wave travelling in free space, the electric field component oscillates sinusoidally at a frequency of 2.0×10^10 Hz and amplitude 48 V m^-1. Then the amplitude of oscillating magnetic field is: (Speed of light in free space = 3 × 10^8 m s^-1)",(1) 1.6×10^-8 T,(2) 1.6×10^-7 T,(3) 1.6×10^-6 T,(4) 1.6×10^-9 T,6
7 Given below are two statements: Statement I: Photovoltaic devices can convert optical radiation into electricity. Statement II: Zener diode is designed to operate under reverse bias in breakdown region.,(1) Both Statement I and Statement II are incorrect.,(2) Statement I is correct but Statement II is incorrect.,(3) Statement I is incorrect but Statement II is correct.,(4) Both Statement I and Statement II are correct.,8
8 The errors in the measurement which arise due to unpredictable fluctuations in temperature and voltage supply are:,(1) Personal errors,(2) Least count errors,(3) Random errors,(4) Instrumental errors,10
"9 If ∮E·dS = 0 over a surface, then:",(1) the magnitude of electric field on the surface is constant,(2) all the charges must necessarily be inside the surface,(3) the electric field inside the surface is necessarily uniform,(4) the number of flux lines entering the surface must be equal to the number of flux lines leaving it,8
"10 If the galvanometer G does not show any deflection in the circuit shown, the value of R is given by: [Circuit diagram: 10V battery with 100Ω and R in series, galvanometer connected between their junction and midpoint]",(1) 50Ω,(2) 100Ω,(3) 400Ω,(4) 200Ω,4
11 An ac source is connected to a capacitor C. Due to decrease in its operating frequency:,(1) displacement current increases,(2) displacement current decreases,(3) capacitive reactance remains constant,(4) capacitive reactance decreases,2
12 The minimum wavelength of X-rays produced by an electron accelerated through a potential difference of V volts is proportional to:,(1) V²,(2) √V,(3) 1/V,(4) 1/√V,3
13 The venturi-meter works on:,(1) Bernoulli's principle,(2) The principle of parallel axes,(3) The principle of perpendicular axes,(4) Huygen's principle,2
"14 A full wave rectifier circuit consists of two p-n junction diodes, a centre-tapped transformer, capacitor and a load resistance. Which of these components remove the ac ripple from the rectified output?",(1) p-n junction diodes,(2) Capacitor,(3) Load resistance,(4) A centre-tapped transformer,3
"15 A metal wire has mass (0.4 ± 0.002) g, radius (0.3 ± 0.001) mm and length (5 ± 0.02) cm. The maximum possible percentage error in the measurement of density will nearly be:",(1) 1.3%,(2) 1.6%,(3) 1.4%,(4) 1.2%,4
"16 For Young's double slit experiment, two statements are given below: Statement I: If screen is moved away from the plane of slits, angular separation of the fringes remains constant. Statement II: If the monochromatic source is replaced by another monochromatic source of larger wavelength, the angular separation of fringes decreases.",(1) Both Statement I and Statement II are false,(2) Statement I is true but Statement II is false,(3) Statement I is false but Statement II is true,(4) Both Statement I and Statement II are true,4
"17 The potential energy of a long spring when stretched by 2 cm is U. If the spring is stretched by 8 cm, potential energy stored in it will be:",(1) 4U,(2) 8U,(3) 16U,(4) 2U,10
18 Light travels a distance x in time t₁ in air and 10x in time t₂ in another denser medium. What is the critical angle for this medium?,(1) sin⁻¹(10t₁/t₂),(2) sin⁻¹(t₂/10t₁),(3) sin⁻¹(10t₂/t₁),(4) sin⁻¹(t₁/10t₂),7
"19 A 12 V, 60 W lamp is connected to the secondary of a step down transformer, whose primary is connected to ac mains of 220 V. Assuming the transformer to be ideal, what is the current in the primary winding?",(1) 2.7 A,(2) 3.7 A,(3) 0.37 A,(4) 0.27 A,8
20 A football player is moving southward and suddenly turns eastward with the same speed to avoid an opponent. The force that acts on the player while turning is:,(1) along northward,(2) along north-east,(3) along south-west,(4) along eastward,6
21 The magnitude and direction of the current in the following circuit is: [Circuit shows 10V and 5V batteries with 2Ω and 1Ω resistors],(1) 0.5 A from A to B through E,(2) 5/9 A from A to B through E,(3) 1.5 A from B to A through E,(4) 0.2 A from B to A through E,5
"22 The angular acceleration of a body, moving along the circumference of a circle, is:",(1) along the radius towards the centre,(2) along the tangent to its position,(3) along the axis of rotation,"(4) along the radius, away from centre",7
"23 A bullet is fired from a gun at the speed of 280 m s⁻¹ in the direction 30° above the horizontal. The maximum height attained by the bullet is (g = 9.8 m s⁻², sin 30° = 0.5):",(1) 2000 m,(2) 1000 m,(3) 3000 m,(4) 2800 m,3
24 The net magnetic flux through any closed surface is:,(1) Positive,(2) Infinity,(3) Negative,(4) Zero,2
"25 The equivalent capacitance of the system shown in the following circuit is: [Circuit shows 3μF and 3μF in series, parallel to another 3μF]",(1) 2μF,(2) 4μF,(3) 6μF,(4) 8μF,6
26 A vehicle travels half the distance with speed v₁ and the remaining distance with speed v₂. Its average speed is:,(1) (v₁+v₂)/2,(2) (2v₁v₂)/(v₁+v₂),(3) (v₁v₂)/(v₁+v₂),(4) √(v₁v₂),1
"27 The half life of a radioactive substance is 20 minutes. In how much time, the activity of substance drops to 1/16th of its initial value?",(1) 40 minutes,(2) 60 minutes,(3) 80 minutes,(4) 20 minutes,2
28 The temperature of a gas is -50° C. To what temperature the gas should be heated so that the rms speed is increased by 3 times?,(1) 3295° C,(2) 3097 K,(3) 223 K,(4) 669° C,7
29 A Carnot engine has an efficiency of 50% when its source is at a temperature 327° C. The temperature of the sink is:,(1) 27° C,(2) 127° C,(3) 227° C,(4) 100° C,5
30 The ratio of frequencies of fundamental harmonic produced by an open pipe to that of closed pipe having the same length is:,(1) 2:1,(2) 1:3,(3) 3:1,(4) 1:2,3
"31 Two bodies of mass m and 9m are placed at a distance R. The gravitational potential on the line joining the bodies where the gravitational field equals zero, will be (G = gravitational constant):",(1) -12Gm/R,(2) -16Gm/R,(3) -20Gm/R,(4) -8Gm/R,3
